Metrics/EpRet,Metrics/EpCost,Metrics/EpLen,Train/Epoch,Train/Entropy,Train/KL,Train/StopIter,Train/PolicyRatio,Train/PolicyRatio/Min,Train/PolicyRatio/Max,Train/PolicyRatio/Std,Train/LR,Train/PolicyStd,TotalEnvSteps,Loss/Loss_pi,Loss/Loss_pi/Delta,Value/Adv,Loss/Loss_reward_critic,Loss/Loss_reward_critic/Delta,Value/reward,Loss/Loss_cost_critic,Loss/Loss_cost_critic/Delta,Value/cost,Time/Total,Time/Rollout,Time/Update,Time/Epoch,Time/FPS,Misc/Alpha,Misc/FinalStepNorm,Misc/gradient_norm,Misc/xHx,Misc/H_inv_g,Misc/AcceptanceStep,Misc/cost_gradient_norm,Misc/A,Misc/B,Misc/q,Misc/r,Misc/s,Misc/Lambda_star,Misc/Nu_star,Misc/OptimCase
-1.0006831884384155,0.10000000149011612,9.15999984741211,0.0,1.4162980318069458,0.0001279689313378185,10.0,0.9988632202148438,0.9988632202148438,0.9988632202148438,0.000803796574473381,0.0,0.9973646998405457,1024.0,-0.02659406140446663,-0.02659406140446663,-7.450580596923828e-09,0.8665822148323059,0.8665822148323059,-0.0016704529989510775,0.046086497604846954,0.046086497604846954,-0.1419735699892044,184.85142517089844,184.14682006835938,0.7041938304901123,184.85104370117188,5.539595603942871,0.46105092763900757,0.33898112177848816,0.15932878851890564,0.09408754110336304,0.735235869884491,1.0,0.02793305739760399,0.033332277089357376,-315422.34375,0.09408754110336304,-0.010928110219538212,0.001965640112757683,2.1689577102661133,0.0,3.0
-1.2021385431289673,0.11999999731779099,9.0600004196167,1.0,1.419240951538086,0.00013634355855174363,10.0,1.0010294914245605,1.0010294914245605,1.0010294914245605,0.0007279603159986436,0.0,1.0003093481063843,2048.0,-0.02912711538374424,-0.0025330539792776108,1.862645149230957e-09,2.051509380340576,1.1849271655082703,-0.045359816402196884,0.04341558367013931,-0.0026709139347076416,-0.09512610733509064,368.4779357910156,182.8845977783203,0.7209911346435547,183.60560607910156,5.577171325683594,0.46489906311035156,0.3212355077266693,0.16050347685813904,0.09253640472888947,0.6909791827201843,1.0,0.029896164312958717,0.014454171061515808,-213599.796875,0.09253640472888947,-0.015042709186673164,0.0028979999478906393,2.1510045528411865,0.0,3.0
-0.9993724226951599,0.10000000149011612,9.220000267028809,2.0,1.4229263067245483,0.0001537962380098179,10.0,0.9982116222381592,0.9982116222381592,0.9982116222381592,0.0012645740061998367,0.0,1.0040297508239746,3072.0,-0.02748989313840866,0.001637222245335579,3.725290298461914e-09,1.5154807567596436,-0.5360286235809326,-0.29174262285232544,0.033687151968479156,-0.009728431701660156,-0.07666502892971039,524.0923461914062,154.8998260498047,0.6928553581237793,155.59271240234375,6.58128547668457,0.4459892511367798,0.2998714745044708,0.18156063556671143,0.10054978728294373,0.6723738312721252,1.0,0.03314657136797905,0.009188719093799591,-189831.140625,0.10054978728294373,-0.017274130135774612,0.0032661031000316143,2.242206573486328,0.0,3.0
-0.4020977020263672,0.03999999910593033,9.640000343322754,3.0,1.423577904701233,0.00018837570678442717,10.0,0.9959117770195007,0.9959117770195007,0.9959117770195007,0.0028907961677759886,0.0,1.0047773122787476,4096.0,-0.031398966908454895,-0.003909073770046234,2.0954757928848267e-09,0.5097287893295288,-1.0057519674301147,-0.6345282793045044,0.017924930900335312,-0.015762221068143845,-0.025880463421344757,676.0745849609375,151.23989868164062,0.7203183174133301,151.9602508544922,6.738604545593262,0.44939038157463074,0.2747942805290222,0.21898499131202698,0.09903356432914734,0.6114824414253235,1.0,0.017696574330329895,0.028902314603328705,-785470.1875,0.09903356432914734,-0.007458225823938847,0.0007931475411169231,2.225236654281616,0.0,3.0
-1.0007411241531372,0.10000000149011612,9.100000381469727,4.0,1.4070059061050415,0.00016456059529446065,10.0,1.0010360479354858,1.0010360479354858,1.0010360479354858,0.0007325122714973986,0.0,0.9885124564170837,5120.0,-0.03414303809404373,-0.0027440711855888367,1.257285475730896e-08,1.857958197593689,1.3482294082641602,-0.6501675248146057,0.03448697179555893,0.016562040895223618,-0.03487490117549896,901.301025390625,196.7056121826172,28.499773025512695,225.20541381835938,4.54695987701416,0.4049537181854248,0.30763331055641174,0.22575512528419495,0.12196049839258194,0.7596752643585205,1.0,0.04235079139471054,0.0066292062401771545,-145099.171875,0.12196049839258194,-0.0221993587911129,0.004272998310625553,2.4694180488586426,0.0,3.0
-1.8006553649902344,0.18000000715255737,8.819999694824219,5.0,1.4014369249343872,0.00016370804223697633,10.0,0.9996399879455566,0.9996399879455566,0.9996399879455566,0.0002545388706494123,0.0,0.9827829003334045,6144.0,-0.03331308811903,0.0008299499750137329,1.30385160446167e-08,2.2296457290649414,0.37168753147125244,-1.4116777181625366,0.04187538102269173,0.007388409227132797,0.039728861302137375,1108.5533447265625,202.4913787841797,4.720430374145508,207.2118377685547,4.941802501678467,0.44618284702301025,0.2898731231689453,0.21128222346305847,0.10046254843473434,0.649673342704773,1.0,0.050189100205898285,0.005947381258010864,-111042.546875,0.10046254843473434,-0.022898539900779724,0.005547704175114632,2.2412335872650146,0.0,3.0
-2.4031951427459717,0.23999999463558197,8.180000305175781,6.0,1.4070481061935425,0.0001550839515402913,10.0,1.0049349069595337,1.0049349069595337,1.0049349069595337,0.003489534370601177,0.0,0.9882419109344482,7168.0,-0.0323098786175251,0.001003209501504898,-1.4901161193847656e-08,1.6205017566680908,-0.6091439723968506,-1.715273141860962,0.029307713732123375,-0.012567667290568352,0.0949329063296318,1318.902099609375,209.1253662109375,1.201352834701538,210.32675170898438,4.86861515045166,0.4778245985507965,0.31506213545799255,0.16096708178520203,0.08759774267673492,0.6593677401542664,1.0,0.03342096507549286,0.007672011852264404,-179872.734375,0.08759774267673492,-0.016504839062690735,0.0034082753118127584,2.092818260192871,0.0,3.0
-2.1991472244262695,0.2199999988079071,8.640000343322754,7.0,1.39888334274292,0.00014569397899322212,10.0,1.0022279024124146,1.0022279024124146,1.0022279024124146,0.0015753930201753974,0.0,0.980250358581543,8192.0,-0.03151658922433853,0.0007932893931865692,-1.6298145055770874e-09,2.0749077796936035,0.4544060230255127,-2.358459711074829,0.038647789508104324,0.00934007577598095,0.14125478267669678,1532.999755859375,212.91146850585938,1.168997049331665,214.08050537109375,4.783247470855713,0.43277230858802795,0.3168761134147644,0.19433578848838806,0.10678519308567047,0.7322005033493042,1.0,0.040756985545158386,0.008374229073524475,-112423.6484375,0.10678519308567047,-0.023184308782219887,0.005461903754621744,2.3106839656829834,0.0,3.0
-1.603654146194458,0.1599999964237213,9.0,8.0,1.379846215248108,0.0001631757040740922,10.0,1.0024486780166626,1.0024486780166626,1.0024486780166626,0.001731561147607863,0.0,0.9618685841560364,9216.0,-0.038465045392513275,-0.006948456168174744,-1.862645149230957e-09,0.9956743121147156,-1.079233467578888,-2.825359582901001,0.022878307849168777,-0.015769481658935547,0.19526542723178864,1722.861328125,189.13710021972656,0.7082328796386719,189.84535217285156,5.393863677978516,0.36680078506469727,0.3112435042858124,0.2361123114824295,0.14865154027938843,0.8485355973243713,1.0,0.042972419410943985,0.015781760215759277,-138038.421875,0.14865154027938843,-0.02437051385641098,0.004469945095479488,2.7262754440307617,0.0,3.0
-1.5981899499893188,0.1599999964237213,8.920000076293945,9.0,1.377145767211914,0.00016394435078836977,10.0,1.0029743909835815,1.0029743909835815,1.0029743909835815,0.0021031838841736317,0.0,0.959162175655365,10240.0,-0.037193842232227325,0.0012712031602859497,5.122274160385132e-09,1.3916800022125244,0.39600569009780884,-3.026186466217041,0.025599244982004166,0.002720937132835388,0.1802937388420105,1941.894287109375,197.49008178710938,21.521987915039062,219.01210021972656,4.675540924072266,0.4173893332481384,0.30652618408203125,0.19510942697525024,0.11480141431093216,0.734389066696167,1.0,0.034690581262111664,0.01703854650259018,-196106.1875,0.11480141431093216,-0.017538517713546753,0.0031463748309761286,2.3958446979522705,0.0,3.0
-1.5978447198867798,0.1599999964237213,8.680000305175781,10.0,1.3761628866195679,0.00018177161109633744,10.0,1.000393033027649,1.000393033027649,1.000393033027649,0.00027794440393336117,0.0,0.9581406116485596,11264.0,-0.0408736988902092,-0.0036798566579818726,2.7939677238464355e-09,0.7957643270492554,-0.595915675163269,-3.4691593647003174,0.014641550369560719,-0.010957694612443447,0.26585653424263,2146.09814453125,203.010009765625,1.1292505264282227,204.13929748535156,5.016182899475098,0.3670288622379303,0.2799370586872101,0.26317298412323,0.14846687018871307,0.7627113461494446,1.0,0.03089618869125843,0.04690951853990555,-333357.8125,0.14846687018871307,-0.013710456900298595,0.001850930624641478,2.724581480026245,0.0,3.0
-1.3984659910202026,0.14000000059604645,8.920000076293945,11.0,1.374534010887146,0.00017592567019164562,10.0,0.9944680333137512,0.9944680333137512,0.9944680333137512,0.003911676816642284,0.0,0.9565789699554443,12288.0,-0.04102093353867531,-0.00014723464846611023,-1.3969838619232178e-09,0.5463484525680542,-0.24941587448120117,-3.707277774810791,0.011434783227741718,-0.0032067671418190002,0.2906777858734131,2332.14111328125,185.0951690673828,0.9232370853424072,186.0184326171875,5.504830837249756,0.3779037594795227,0.28154030442237854,0.25906386971473694,0.14004497230052948,0.7450052499771118,1.0,0.0311102494597435,0.029374942183494568,-301676.28125,0.14004497230052948,-0.015057245269417763,0.002048608148470521,2.646176338195801,0.0,3.0
-1.5964490175247192,0.1599999964237213,8.880000114440918,12.0,1.3798540830612183,0.00017665330960880965,10.0,0.9982190728187561,0.9982190728187561,0.9982190728187561,0.0012592916609719396,0.0,0.9616824984550476,13312.0,-0.04041523486375809,0.0006056986749172211,0.0,1.0539429187774658,0.5075944662094116,-3.3464608192443848,0.02249918505549431,0.01106440182775259,0.2575472593307495,2520.810791015625,187.35084533691406,1.3022959232330322,188.65316772460938,5.427950382232666,0.34561946988105774,0.28190842270851135,0.24975714087486267,0.1674301028251648,0.8156614303588867,1.0,0.05054984241724014,0.023292839527130127,-95363.859375,0.1674301028251648,-0.03053850308060646,0.006470212712883949,2.89335560798645,0.0,3.0
-2.7999343872070312,0.2800000011920929,7.760000228881836,13.0,1.3812748193740845,0.00017306242079939693,10.0,1.0029608011245728,1.0029608011245728,1.0029608011245728,0.0020936306100338697,0.0,0.9630453586578369,14336.0,-0.04375506192445755,-0.003339827060699463,-3.026798367500305e-09,1.2013144493103027,0.14737153053283691,-3.560107946395874,0.023088643327355385,0.0005894582718610764,0.2953640818595886,2723.718505859375,202.04656982421875,0.8430047035217285,202.8896026611328,5.047080039978027,0.3533523380756378,0.3022513687610626,0.25893378257751465,0.16018210351467133,0.85538250207901,1.0,0.04250088706612587,0.01448434591293335,-149050.546875,0.16018210351467133,-0.02444038912653923,0.004099796526134014,2.8300364017486572,0.0,3.0
-1.7973650693893433,0.18000000715255737,8.520000457763672,14.0,1.3847379684448242,0.0001839791366364807,10.0,0.9964792132377625,0.9964792132377625,0.9964792132377625,0.0024895581882447004,0.0,0.9664800763130188,15360.0,-0.03843516483902931,0.005319897085428238,-3.259629011154175e-09,0.792040228843689,-0.40927422046661377,-4.419198036193848,0.015179157257080078,-0.007909486070275307,0.36283841729164124,3010.1728515625,200.75662231445312,85.67707061767578,286.4337158203125,3.574998140335083,0.4025088846683502,0.27765971422195435,0.24543218314647675,0.12344656139612198,0.6898225545883179,1.0,0.033537618815898895,0.03155224770307541,-251126.125,0.12344656139612198,-0.015014128759503365,0.002453069668263197,2.484417200088501,0.0,3.0
-0.7992331981658936,0.07999999821186066,9.479999542236328,15.0,1.3762550354003906,0.00018911824736278504,10.0,0.9985592365264893,0.9985592365264893,0.9985592365264893,0.0010187736479565501,0.0,0.9583218693733215,16384.0,-0.03200366348028183,0.006431501358747482,9.313225746154785e-10,0.7504982948303223,-0.0415419340133667,-4.130509853363037,0.014436410740017891,-0.0007427465170621872,0.33829885721206665,3217.44140625,206.5164031982422,0.7086710929870605,207.22509765625,4.941486358642578,0.30518442392349243,0.27660277485847473,0.3109971582889557,0.2147361934185028,0.9063462615013123,1.0,0.039125848561525345,0.04108114540576935,-178949.546875,0.2147361934185028,-0.02454858273267746,0.003470277413725853,3.276707172393799,0.0,3.0
-1.8002723455429077,0.18000000715255737,8.399999618530273,16.0,1.3678584098815918,0.00014520500553771853,10.0,0.9960246086120605,0.9960246086120605,0.9960246086120605,0.00281102629378438,0.0,0.9503872990608215,17408.0,-0.03608274087309837,-0.004079077392816544,4.6566128730773926e-09,0.5414916276931763,-0.209006667137146,-4.5135908126831055,0.012235968373715878,-0.0022004423663020134,0.3494276702404022,3414.389404296875,195.52182006835938,1.4092977046966553,196.93113708496094,5.199787139892578,0.3792663812637329,0.30917173624038696,0.22736741602420807,0.1390404850244522,0.8151834607124329,1.0,0.02641591988503933,0.06252993643283844,-347569.53125,0.1390404850244522,-0.011645056307315826,0.0017723904456943274,2.636669158935547,0.0,3.0
-2.3986001014709473,0.23999999463558197,8.039999961853027,17.0,1.3638086318969727,0.00016667023010086268,10.0,1.0030741691589355,1.0030741691589355,1.0030741691589355,0.0021737657953053713,0.0,0.9467609524726868,18432.0,-0.037014249712228775,-0.0009315088391304016,4.423782229423523e-09,0.6913672685623169,0.14987564086914062,-4.529994010925293,0.014455187134444714,0.002219218760728836,0.3550112247467041,3627.400146484375,211.64834594726562,1.345076084136963,212.99343872070312,4.80765962600708,0.3739052414894104,0.2997184693813324,0.23640799522399902,0.143056258559227,0.8015891909599304,1.0,0.02417834661900997,0.0450822189450264,-347716.6875,0.143056258559227,-0.013142965734004974,0.0017630851361900568,2.6744744777679443,0.0,3.0
-1.796837568283081,0.18000000715255737,8.539999961853027,18.0,1.3533941507339478,0.00016633655468467623,10.0,0.9983711242675781,0.9983711242675781,0.9983711242675781,0.0011517890961840749,0.0,0.9371377825737,19456.0,-0.03989909589290619,-0.002884846180677414,1.0244548320770264e-08,0.5640782713890076,-0.12728899717330933,-4.248587608337402,0.011685032397508621,-0.0027701547369360924,0.3249583840370178,3924.320068359375,229.8250274658203,67.07843780517578,296.90350341796875,3.44893217086792,0.3250236213207245,0.3102589547634125,0.2767007648944855,0.1893215775489807,0.9545735120773315,1.0,0.026389101520180702,0.0635378509759903,-310689.3125,0.1893215775489807,-0.015792498365044594,0.001982782268896699,3.0766994953155518,0.0,3.0
-1.3990466594696045,0.14000000059604645,9.119999885559082,19.0,1.359714150428772,0.00016806148050818592,10.0,1.0015722513198853,1.0015722513198853,1.0015722513198853,0.0011117776157334447,0.0,0.942907989025116,20480.0,-0.04641658812761307,-0.006517492234706879,8.614733815193176e-09,0.45066386461257935,-0.11341440677642822,-4.410468101501465,0.00972807127982378,-0.001956961117684841,0.3227726221084595,4207.826171875,211.81878662109375,71.65042877197266,283.46923828125,3.612384796142578,0.3208797872066498,0.27931785583496094,0.3203519582748413,0.194242924451828,0.8704749941825867,1.0,0.028231071308255196,0.06628187000751495,-357374.625,0.194242924451828,-0.014875725843012333,0.001729322480969131,3.116431951522827,0.0,3.0
-1.9963587522506714,0.20000000298023224,8.539999961853027,20.0,1.3509087562561035,0.00018294456822331995,10.0,0.9960972666740417,0.9960972666740417,0.9960972666740417,0.002759635215625167,0.0,0.9344446063041687,21504.0,-0.03787919133901596,0.008537396788597107,7.450580596923828e-09,0.6690798997879028,0.2184160351753235,-4.658540725708008,0.012358667328953743,0.002630596049129963,0.3953973650932312,4434.5869140625,224.86268615722656,1.8363444805145264,226.6990509033203,4.517001628875732,0.329982727766037,0.2877783477306366,0.3036704659461975,0.1836739331483841,0.8721011281013489,1.0,0.03150352090597153,0.04047234356403351,-264759.09375,0.1836739331483841,-0.018238961696624756,0.0023230069782584906,3.030461549758911,0.0,3.0
-1.6003460884094238,0.1599999964237213,8.640000343322754,21.0,1.3389254808425903,0.00018643059593159705,10.0,1.002834677696228,1.002834677696228,1.002834677696228,0.0020044478587806225,0.0,0.9231972694396973,22528.0,-0.037544041872024536,0.00033514946699142456,2.7939677238464355e-09,0.7420545816421509,0.07297468185424805,-4.398900985717773,0.013617965392768383,0.00125929806381464,0.34003111720085144,4709.13232421875,273.3975830078125,1.1188991069793701,274.5165100097656,3.730194568634033,0.3527072072029114,0.28023242950439453,0.2871440649032593,0.16076862812042236,0.7945187091827393,1.0,0.031878773123025894,0.031565532088279724,-284458.6875,0.16076862812042236,-0.016740884631872177,0.0021691115107387304,2.8352129459381104,0.0,3.0
-1.1966394186019897,0.11999999731779099,8.920000076293945,22.0,1.3308981657028198,0.0001673884253250435,10.0,0.9985560774803162,0.9985560774803162,0.9985560774803162,0.0010210213949903846,0.0,0.915851354598999,23552.0,-0.03930668905377388,-0.0017626471817493439,-8.614733815193176e-09,0.83338463306427,0.09133005142211914,-4.864688396453857,0.013859212398529053,0.0002412470057606697,0.3743102550506592,4884.275390625,174.45579528808594,0.6701393127441406,175.12594604492188,5.847220420837402,0.32376694679260254,0.29546985030174255,0.28070175647735596,0.19079411029815674,0.9126003384590149,1.0,0.033786363899707794,0.03986750543117523,-236974.421875,0.19079411029815674,-0.019855577498674393,0.002612146781757474,3.088641405105591,0.0,3.0
-1.7994552850723267,0.18000000715255737,8.819999694824219,23.0,1.3328529596328735,0.00017645438492763788,10.0,1.0005598068237305,1.0005598068237305,1.0005598068237305,0.0003958432062063366,0.0,0.9175685048103333,24576.0,-0.04674236848950386,-0.0074356794357299805,-6.51925802230835e-09,0.6740674376487732,-0.15931719541549683,-5.051145076751709,0.014316124841570854,0.00045691244304180145,0.38989022374153137,5086.9150390625,175.63201904296875,26.99106216430664,202.6231231689453,5.053717136383057,0.31326115131378174,0.283156156539917,0.3422689735889435,0.20380595326423645,0.9038982391357422,1.0,0.04148215055465698,0.055693119764328,-198782.21875,0.20380595326423645,-0.0214244332164526,0.003099021501839161,3.1922247409820557,0.0,3.0
-1.1990647315979004,0.11999999731779099,9.4399995803833,24.0,1.3365974426269531,0.00017206917982548475,10.0,0.9969705939292908,0.9969705939292908,0.9969705939292908,0.002142127603292465,0.0,0.9209596514701843,25600.0,-0.037212394177913666,0.009529974311590195,1.0244548320770264e-08,0.4486532211303711,-0.2254142165184021,-5.004393100738525,0.01404107827693224,-0.00027504656463861465,0.37312692403793335,5249.99462890625,162.2097930908203,0.8354790210723877,163.04530334472656,6.280462741851807,0.3872339129447937,0.29218271374702454,0.23447921872138977,0.13337768614292145,0.7545381784439087,1.0,0.023970024660229683,0.04435212165117264,-407971.40625,0.13337768614292145,-0.011622320860624313,0.0015172883868217468,2.582418441772461,0.0,3.0
-1.5975444316864014,0.1599999964237213,9.079999923706055,25.0,1.3416112661361694,0.00017026544082909822,10.0,0.9977696537971497,0.9977696537971497,0.9977696537971497,0.001577078946866095,0.0,0.9256002306938171,26624.0,-0.04862428829073906,-0.011411894112825394,9.313225746154785e-10,0.665847659111023,0.21719443798065186,-5.376725196838379,0.015452655032277107,0.0014115767553448677,0.4122631549835205,5416.9111328125,166.02651977539062,0.868661642074585,166.89520263671875,6.135586738586426,0.29342183470726013,0.28188323974609375,0.33223143219947815,0.23229780793190002,0.9606756567955017,1.0,0.04380754008889198,0.037865057587623596,-142123.640625,0.23229780793190002,-0.029053810983896255,0.004341460298746824,3.408062696456909,0.0,3.0
-1.398237943649292,0.14000000059604645,8.739999771118164,26.0,1.353520393371582,0.00017330584523733705,10.0,1.0094795227050781,1.0094795227050781,1.0094795227050781,0.006702978629618883,0.0,0.9367216229438782,27648.0,-0.05137854069471359,-0.002754252403974533,0.0,0.5398937463760376,-0.12595391273498535,-5.630733489990234,0.008992458693683147,-0.00646019633859396,0.4452233910560608,5586.63525390625,168.84596252441406,0.8616175651550293,169.7075958251953,6.033907890319824,0.3551572859287262,0.2793911099433899,0.2889573574066162,0.15855813026428223,0.7866687774658203,1.0,0.019278526306152344,0.0929393321275711,-738011.75,0.15855813026428223,-0.007412822917103767,0.0008374016033485532,2.8156538009643555,0.0,3.0
-0.9991202354431152,0.10000000149011612,9.279999732971191,27.0,1.350386619567871,0.00018705063848756254,10.0,0.9948687553405762,0.9948687553405762,0.9948687553405762,0.0036283659283071756,0.0,0.9337717890739441,28672.0,-0.040362514555454254,0.011016026139259338,8.381903171539307e-09,0.6684894561767578,0.12859570980072021,-5.0123820304870605,0.012667876668274403,0.003675417974591255,0.4014536142349243,5758.20361328125,170.735107421875,0.8159136772155762,171.55104064941406,5.969069004058838,0.28821897506713867,0.2735309302806854,0.3850054144859314,0.24076026678085327,0.9490388631820679,1.0,0.04499759152531624,0.035707712173461914,-186953.015625,0.24076026678085327,-0.026077482849359512,0.0033163842745125294,3.4695842266082764,0.0,3.0
-0.6024684309959412,0.05999999865889549,9.460000038146973,28.0,1.345681071281433,0.0001606238802196458,10.0,0.9968543648719788,0.9968543648719788,0.9968543648719788,0.0022242858540266752,0.0,0.9293962121009827,29696.0,-0.037868015468120575,0.002494499087333679,2.7939677238464355e-09,0.5508076548576355,-0.11768180131912231,-5.044256687164307,0.012478958815336227,-0.0001889178529381752,0.37490805983543396,6006.60009765625,179.64889526367188,68.725830078125,248.37474060058594,4.122802257537842,0.3644079566001892,0.29417386651039124,0.2612583041191101,0.15061014890670776,0.8072648644447327,1.0,0.0327753946185112,0.030135013163089752,-303075.75,0.15061014890670776,-0.015724236145615578,0.0020522938575595617,2.7441771030426025,0.0,3.0
-1.4053394794464111,0.14000000059604645,8.739999771118164,29.0,1.3392901420593262,0.00019294435332994908,10.0,1.0032097101211548,1.0032097101211548,1.0032097101211548,0.0022696920204907656,0.0,0.9234680533409119,30720.0,-0.04669041559100151,-0.008822400122880936,1.0244548320770264e-08,0.7609629034996033,0.21015524864196777,-5.2297868728637695,0.015085337683558464,0.0026063788682222366,0.3784042000770569,6186.8134765625,179.14634704589844,1.0346834659576416,180.18106079101562,5.683172225952148,0.26533040404319763,0.27551305294036865,0.394356369972229,0.28408998250961304,1.0383771657943726,1.0,0.052075985819101334,0.06849047541618347,-147062.28125,0.28408998250961304,-0.030100543051958084,0.004202424082905054,3.768885850906372,0.0,3.0
-1.3986265659332275,0.14000000059604645,8.920000076293945,30.0,1.3337507247924805,0.00016718634287826717,10.0,1.0000967979431152,1.0000967979431152,1.0000967979431152,6.844648305559531e-05,0.0,0.918402373790741,31744.0,-0.037894733250141144,0.008795682340860367,-3.725290298461914e-09,0.6084636449813843,-0.152499258518219,-5.4273529052734375,0.011606268584728241,-0.003479069098830223,0.38546210527420044,6362.67919921875,174.70704650878906,1.1224069595336914,175.8294677734375,5.823824405670166,0.3559364974498749,0.3015523850917816,0.2790026366710663,0.15786466002464294,0.8472083806991577,1.0,0.0322934091091156,0.047734759747982025,-297607.25,0.15786466002464294,-0.0151227917522192,0.002076617907732725,2.8094899654388428,0.0,3.0
-0.8044804334640503,0.07999999821186066,9.420000076293945,31.0,1.3314647674560547,0.0001695892569841817,10.0,0.9979050755500793,0.9979050755500793,0.9979050755500793,0.0014813212910667062,0.0,0.9162891507148743,32768.0,-0.04695801064372063,-0.009063277393579483,-8.381903171539307e-09,0.49110499024391174,-0.11735865473747253,-5.21079158782959,0.009039939381182194,-0.002566329203546047,0.3670333921909332,6609.39453125,173.89581298828125,72.80294036865234,246.6987762451172,4.150811195373535,0.30262085795402527,0.2900497317314148,0.3306458294391632,0.21838973462581635,0.958459198474884,1.0,0.029209977015852928,0.06740702688694,-336503.34375,0.21838973462581635,-0.016692329198122025,0.001845458522439003,3.304464817047119,0.0,3.0
-1.5999151468276978,0.1599999964237213,8.5600004196167,32.0,1.3330515623092651,0.00018418492982164025,10.0,1.0006471872329712,1.0006471872329712,1.0006471872329712,0.0004577147774398327,0.0,0.9177079200744629,33792.0,-0.03814753144979477,0.008810479193925858,3.259629011154175e-09,0.6544325947761536,0.16332760453224182,-5.164429664611816,0.012785512022674084,0.00374557264149189,0.3905061185359955,6791.974609375,181.58238220214844,0.973876953125,182.5562744140625,5.60922908782959,0.3608320951461792,0.28595879673957825,0.28950825333595276,0.15361005067825317,0.7924983501434326,1.0,0.034672293812036514,0.03572621941566467,-247253.984375,0.15361005067825317,-0.017151694744825363,0.0024955030530691147,2.771372079849243,0.0,3.0
-1.002241611480713,0.10000000149011612,9.100000381469727,33.0,1.3352218866348267,0.00017213421233464032,10.0,1.0009576082229614,1.0009576082229614,1.0009576082229614,0.0006771593471057713,0.0,0.9196929931640625,34816.0,-0.039658159017562866,-0.001510627567768097,1.0244548320770264e-08,0.352621853351593,-0.30181074142456055,-5.425975322723389,0.008194079622626305,-0.004591432400047779,0.39990514516830444,6974.96630859375,181.52908325195312,1.446028470993042,182.97512817382812,5.596389293670654,0.3557089567184448,0.29277539253234863,0.27114203572273254,0.15806668996810913,0.8230757713317871,1.0,0.02471284382045269,0.05891747027635574,-499952.59375,0.15806668996810913,-0.011088673025369644,0.0012401274871081114,2.8112871646881104,0.0,3.0
-3.2031359672546387,0.3199999928474426,7.420000076293945,34.0,1.3365520238876343,0.00015951508248690516,10.0,1.0006953477859497,1.0006953477859497,1.0006953477859497,0.000491713231895119,0.0,0.920940101146698,35840.0,-0.03821226954460144,0.0014458894729614258,-1.1175870895385742e-08,0.7309308648109436,0.3783090114593506,-5.326862335205078,0.0158219151198864,0.007627835497260094,0.37572476267814636,7225.681640625,195.61904907226562,55.07313537597656,250.69223022460938,4.084690093994141,0.3496955335140228,0.3036027252674103,0.264779269695282,0.16354969143867493,0.868191659450531,1.0,0.03560025244951248,0.029982253909111023,-217820.15625,0.16354969143867493,-0.01932619698345661,0.0027963444590568542,2.8596303462982178,0.0,3.0
-1.2016263008117676,0.11999999731779099,9.300000190734863,35.0,1.3445199728012085,0.00018652723520062864,10.0,0.9997382164001465,0.9997382164001465,0.9997382164001465,0.0001851370616350323,0.0,0.9283806681632996,36864.0,-0.05126290023326874,-0.013050630688667297,-4.423782229423523e-09,0.6912409067153931,-0.03968995809555054,-5.432286739349365,0.014688019640743732,-0.0011338954791426659,0.3831477761268616,7425.984375,199.36569213867188,0.8896455764770508,200.25535583496094,5.113471031188965,0.29315802454948425,0.28453683853149414,0.31740134954452515,0.23271605372428894,0.970592200756073,1.0,0.03989981859922409,0.049072325229644775,-171842.359375,0.23271605372428894,-0.02572013810276985,0.00360221229493618,3.4111294746398926,0.0,3.0
-1.6012377738952637,0.1599999964237213,8.5600004196167,36.0,1.3479670286178589,0.0001698826818028465,10.0,0.9970476031303406,0.9970476031303406,0.9970476031303406,0.002087673870846629,0.0,0.9315305352210999,37888.0,-0.04250567406415939,0.008757226169109344,-1.30385160446167e-08,0.5237433314323425,-0.16749757528305054,-4.893612384796143,0.009182051755487919,-0.005505967885255814,0.3544594347476959,7594.1044921875,167.25372314453125,0.8501219749450684,168.10386657714844,6.091472148895264,0.3079104423522949,0.2921641767024994,0.32798659801483154,0.2109507918357849,0.9488611221313477,1.0,0.028490815311670303,0.07529158890247345,-389368.5625,0.2109507918357849,-0.014662085101008415,0.0015846723690629005,3.247697591781616,0.0,3.0
-1.6025872230529785,0.1599999964237213,9.020000457763672,37.0,1.342297911643982,0.0001658696128288284,10.0,0.9927764534950256,0.9927764534950256,0.9927764534950256,0.0051078046672046185,0.0,0.9262416958808899,38912.0,-0.03774033859372139,0.0047653354704380035,1.862645149230957e-09,0.4894506335258484,-0.03429269790649414,-5.430466175079346,0.012119149789214134,0.0029370980337262154,0.39384159445762634,7751.6328125,156.41783142089844,1.0914123058319092,157.50926208496094,6.501204967498779,0.3554091453552246,0.30140429735183716,0.26639091968536377,0.15833346545696259,0.8480486273765564,1.0,0.03318045660853386,0.06740009039640427,-251147.859375,0.15833346545696259,-0.01494680903851986,0.002456811722368002,2.8136587142944336,0.0,3.0
-2.0060296058654785,0.20000000298023224,8.4399995803833,38.0,1.3283231258392334,0.00018031540093943477,10.0,1.0004397630691528,1.0004397630691528,1.0004397630691528,0.0003109875542577356,0.0,0.913456916809082,39936.0,-0.04967546835541725,-0.011935129761695862,-5.587935447692871e-09,0.3843781352043152,-0.1050724983215332,-5.509305000305176,0.009556070901453495,-0.002563078887760639,0.3839010000228882,7913.8291015625,161.46630859375,0.7147819995880127,162.18112182617188,6.313928604125977,0.24199174344539642,0.28000712394714355,0.43138980865478516,0.3415299952030182,1.1570935249328613,1.0,0.037873443216085434,0.08311983942985535,-195945.3125,0.3415299952030182,-0.028479937463998795,0.0031388248316943645,4.13237190246582,0.0,3.0
-2.202298641204834,0.2199999988079071,8.4399995803833,39.0,1.3343554735183716,0.00016524954116903245,10.0,1.0133581161499023,1.0133581161499023,1.0133581161499023,0.00944561418145895,0.0,0.9191255569458008,40960.0,-0.07756887376308441,-0.02789340540766716,2.3283064365386963e-09,0.4988856911659241,0.11450755596160889,-5.1292595863342285,0.012734991498291492,0.0031789205968379974,0.3697739541530609,8084.47119140625,164.665771484375,5.956195831298828,170.6219940185547,6.001571178436279,0.33768025040626526,0.28491467237472534,0.3140494227409363,0.17539557814598083,0.8437409400939941,1.0,0.03569671884179115,0.05847823619842529,-271079.03125,0.17539557814598083,-0.016273941844701767,0.002265190239995718,2.961381435394287,0.0,3.0
-1.0019276142120361,0.10000000149011612,9.220000267028809,40.0,1.3283957242965698,0.0001980473316507414,10.0,0.9947459697723389,0.9947459697723389,0.9947459697723389,0.003715160535648465,0.0,0.9135566353797913,41984.0,-0.044782854616642,0.03278601914644241,-8.847564458847046e-09,0.6119843125343323,0.1130986213684082,-5.297865390777588,0.015610827133059502,0.002875835634768009,0.4011884033679962,8245.279296875,159.9394073486328,0.849754810333252,160.7891845703125,6.368587493896484,0.2636985778808594,0.27131587266921997,0.43533748388290405,0.28761690855026245,1.0288864374160767,1.0,0.058792561292648315,0.03986997902393341,-111103.4140625,0.28761690855026245,-0.03718259930610657,0.005580465774983168,3.792208433151245,0.0,3.0
-0.8080890774726868,0.07999999821186066,9.279999732971191,41.0,1.326567530632019,0.00015940531739033759,10.0,1.003865122795105,1.003865122795105,1.003865122795105,0.0027330266311764717,0.0,0.9118151068687439,43008.0,-0.038249071687459946,0.006533782929182053,-5.587935447692871e-09,0.3098805546760559,-0.30210375785827637,-5.400650978088379,0.006797436624765396,-0.008813390508294106,0.4219379425048828,8409.4091796875,163.4506378173828,0.6595757007598877,164.1102294921875,6.239708423614502,0.3198992908000946,0.30138078331947327,0.31208324432373047,0.19543546438217163,0.9421113133430481,1.0,0.028959540650248528,0.08217012882232666,-486568.3125,0.19543546438217163,-0.012023326009511948,0.0012762884143739939,3.125983715057373,0.0,3.0
-1.0046701431274414,0.10000000149011612,9.100000381469727,42.0,1.322144865989685,0.00016916221647989005,10.0,0.9982271790504456,0.9982271790504456,0.9982271790504456,0.0012535597197711468,0.0,0.9078189730644226,44032.0,-0.04117581993341446,-0.0029267482459545135,1.1641532182693481e-08,0.6090691685676575,0.29918861389160156,-4.7448625564575195,0.011838234029710293,0.005040797404944897,0.3444574773311615,8618.759765625,173.98394775390625,35.344970703125,209.3289337158203,4.891822338104248,0.3199036121368408,0.2947615385055542,0.31895866990089417,0.19543017446994781,0.9214074611663818,1.0,0.03679824620485306,0.04398772120475769,-221477.171875,0.19543017446994781,-0.02059010975062847,0.0027994203846901655,3.125941514968872,0.0,3.0
-1.4005759954452515,0.14000000059604645,8.899999618530273,43.0,1.3259387016296387,0.00017119692347478122,10.0,1.0024889707565308,1.0024889707565308,1.0024889707565308,0.0017599399434402585,0.0,0.9113897681236267,45056.0,-0.0515531450510025,-0.010377325117588043,6.51925802230835e-09,0.695520281791687,0.08645111322402954,-5.052940845489502,0.01919729635119438,0.007359062321484089,0.34557241201400757,8876.2197265625,256.17059326171875,1.2723805904388428,257.4429931640625,3.9775795936584473,0.3062181770801544,0.28907445073127747,0.3599872291088104,0.2132887840270996,0.9440145492553711,1.0,0.05290360003709793,0.05799485743045807,-128072.7578125,0.2132887840270996,-0.027374736964702606,0.004825524520128965,3.2656455039978027,0.0,3.0
-1.6010302305221558,0.1599999964237213,8.779999732971191,44.0,1.3244919776916504,0.00016141089145094156,10.0,0.995730459690094,0.995730459690094,0.995730459690094,0.0030190066900104284,0.0,0.9100992679595947,46080.0,-0.038035109639167786,0.013518035411834717,2.7939677238464355e-09,0.42215341329574585,-0.27336686849594116,-4.952485084533691,0.011361517012119293,-0.007835779339075089,0.34228014945983887,9046.2763671875,169.21946716308594,0.8207311630249023,170.04022216796875,6.022104740142822,0.3652452230453491,0.30695414543151855,0.2531820833683014,0.14992043375968933,0.8404054641723633,1.0,0.03378681838512421,0.057849399745464325,-265061.59375,0.14992043375968933,-0.014639952220022678,0.002327847061678767,2.737886667251587,0.0,3.0
-1.5990796089172363,0.1599999964237213,8.640000343322754,45.0,1.3062268495559692,0.00016875208530109376,10.0,0.9939228892326355,0.9939228892326355,0.9939228892326355,0.004297152161598206,0.0,0.893638551235199,47104.0,-0.04305877536535263,-0.005023665726184845,-1.4901161193847656e-08,0.5592594742774963,0.1371060609817505,-4.907604217529297,0.009393572807312012,-0.0019679442048072815,0.36204248666763306,9225.7529296875,178.85098266601562,0.6081130504608154,179.4591064453125,5.706035137176514,0.2583858370780945,0.3000972270965576,0.3829099237918854,0.2995660603046417,1.1614305973052979,1.0,0.04157496243715286,0.09044158458709717,-186008.5625,0.2995660603046417,-0.026338286697864532,0.0033171786926686764,3.870181083679199,0.0,3.0
-0.6032321453094482,0.05999999865889549,9.65999984741211,46.0,1.2937827110290527,0.00017973181093111634,10.0,1.0027483701705933,1.0027483701705933,1.0027483701705933,0.0019433631096035242,0.0,0.8824820518493652,48128.0,-0.045411497354507446,-0.0023527219891548157,1.3969838619232178e-08,0.3680327534675598,-0.19122672080993652,-4.657607555389404,0.010465499944984913,0.0010719271376729012,0.3354763090610504,9393.0771484375,166.17694091796875,1.1292574405670166,167.3062286376953,6.120513439178467,0.28564274311065674,0.2874003052711487,0.4147402048110962,0.2451227307319641,1.006152868270874,1.0,0.0514918714761734,0.06734897196292877,-143892.671875,0.2451227307319641,-0.02772112935781479,0.004322681110352278,3.5008766651153564,0.0,3.0
-0.8015425205230713,0.07999999821186066,9.460000038146973,47.0,1.2885979413986206,0.00017864331312011927,10.0,1.0026715993881226,1.0026715993881226,1.0026715993881226,0.0018890217179432511,0.0,0.8778306841850281,49152.0,-0.04422534257173538,0.0011861547827720642,-6.51925802230835e-09,0.547124981880188,0.17909222841262817,-4.75224494934082,0.010173896327614784,-0.00029160361737012863,0.35694169998168945,9577.2685546875,183.0802459716797,1.087578535079956,184.1678466796875,5.560145378112793,0.3120652437210083,0.2829771637916565,0.3367859125137329,0.20537102222442627,0.9067883491516113,1.0,0.03710675612092018,0.05491805076599121,-263549.71875,0.20537102222442627,-0.018828561529517174,0.002356305718421936,3.204457998275757,0.0,3.0
-1.206431269645691,0.11999999731779099,9.199999809265137,48.0,1.2862521409988403,0.00015850900672376156,10.0,1.0015711784362793,1.0015711784362793,1.0015711784362793,0.0011109908809885383,0.0,0.875741183757782,50176.0,-0.03717746585607529,0.007047876715660095,1.4202669262886047e-08,0.6736842393875122,0.12655925750732422,-4.741122722625732,0.014417579397559166,0.004243683069944382,0.3358413875102997,9756.50390625,178.43739318847656,0.7822563648223877,179.21966552734375,5.713658809661865,0.3553762137889862,0.304735392332077,0.2736135721206665,0.15836283564567566,0.8575008511543274,1.0,0.03459183871746063,0.025429576635360718,-260370.734375,0.15836283564567566,-0.017777517437934875,0.0023774246219545603,2.8139193058013916,0.0,3.0
-0.3993317782878876,0.03999999910593033,9.640000343322754,49.0,1.2926985025405884,0.0001863475190475583,10.0,1.0016552209854126,1.0016552209854126,1.0016552209854126,0.0011703899363055825,0.0,0.8814379572868347,51200.0,-0.05842027813196182,-0.021242812275886536,4.353933036327362e-08,0.28386396169662476,-0.38982027769088745,-5.249386787414551,0.004526690114289522,-0.009890889283269644,0.3652987480163574,9918.9404296875,161.5689697265625,0.8483219146728516,162.4173126220703,6.304746627807617,0.2932460606098175,0.2593398094177246,0.4344063103199005,0.232576385140419,0.8843759894371033,1.0,0.02286124788224697,0.11949588358402252,-866824.375,0.232576385140419,-0.009015148505568504,0.0007187072187662125,3.4101054668426514,0.0,3.0
-2.001793622970581,0.20000000298023224,8.380000114440918,50.0,1.2874330282211304,0.00017121205746661872,10.0,0.9969131350517273,0.9969131350517273,0.9969131350517273,0.0021827572491019964,0.0,0.8769326210021973,52224.0,-0.0461595393717289,0.012260738760232925,-1.4901161193847656e-08,0.3960035443305969,0.11213958263397217,-5.302193641662598,0.008727808482944965,0.004201118368655443,0.3688511550426483,10114.71875,195.10704040527344,0.6499631404876709,195.75701904296875,5.2309746742248535,0.23902294039726257,0.3004484474658966,0.42189839482307434,0.3500667214393616,1.2569859027862549,1.0,0.03751825913786888,0.06956052780151367,-197131.140625,0.3500667214393616,-0.02958320826292038,0.0031199431978166103,4.183698654174805,0.0,3.0
-1.801393985748291,0.18000000715255737,8.640000343322754,51.0,1.2804704904556274,0.0001711596705717966,10.0,1.0072275400161743,1.0072275400161743,1.0072275400161743,0.005110670812427998,0.0,0.8709332942962646,53248.0,-0.03896373510360718,0.007195804268121719,5.3551048040390015e-09,0.628612220287323,0.23260867595672607,-5.090246200561523,0.013614530675113201,0.004886722192168236,0.3458092212677002,10295.12109375,179.2281951904297,1.1561369895935059,180.3843536376953,5.676767349243164,0.28202372789382935,0.294135183095932,0.38718801736831665,0.25145408511161804,1.0429447889328003,1.0,0.04615132510662079,0.03214241564273834,-178625.921875,0.25145408511161804,-0.027501754462718964,0.00344871892593801,3.5458009243011475,0.0,3.0
-2.0022644996643066,0.20000000298023224,8.199999809265137,52.0,1.2708768844604492,0.0001591249747434631,10.0,1.0006548166275024,1.0006548166275024,1.0006548166275024,0.0004630533803720027,0.0,0.8627814650535583,54272.0,-0.04525740444660187,-0.00629366934299469,-7.916241884231567e-09,0.5883100628852844,-0.040302157402038574,-5.176093101501465,0.012433486059308052,-0.001181044615805149,0.35998299717903137,10480.7265625,184.60568237304688,0.9766063690185547,185.5823211669922,5.517766952514648,0.27638259530067444,0.3076006770133972,0.3563051223754883,0.26182347536087036,1.1129528284072876,1.0,0.04853903502225876,0.056681275367736816,-142773.5,0.26182347536087036,-0.02972729131579399,0.004307791590690613,3.6181728839874268,0.0,3.0
-0.9997163414955139,0.10000000149011612,9.100000381469727,53.0,1.270386815071106,0.0001570150925545022,10.0,0.9990830421447754,0.9990830421447754,0.9990830421447754,0.0006483870674856007,0.0,0.8623114228248596,55296.0,-0.03338010609149933,0.011877298355102539,6.752088665962219e-09,0.5312156081199646,-0.057094454765319824,-5.123654842376709,0.01208843570202589,-0.0003450503572821617,0.3467456102371216,10660.154296875,178.69134521484375,0.6934821605682373,179.38485717773438,5.708397388458252,0.40499475598335266,0.3005266487598419,0.24456153810024261,0.12193576991558075,0.7420507073402405,1.0,0.025095278397202492,0.04742428660392761,-456012.875,0.12193576991558075,-0.010065199807286263,0.0013596225762739778,2.469167709350586,0.0,3.0
-0.5986818671226501,0.05999999865889549,9.520000457763672,54.0,1.2787728309631348,0.00016666713054291904,10.0,1.0005708932876587,1.0005708932876587,1.0005708932876587,0.00040371058275923133,0.0,0.8696282505989075,56320.0,-0.04534663259983063,-0.011966526508331299,3.725290298461914e-09,0.5430997610092163,0.011884152889251709,-5.457301616668701,0.010266218334436417,-0.0018222173675894737,0.3781118392944336,10859.3876953125,198.53138732910156,0.6852796077728271,199.21669006347656,5.140131950378418,0.32734447717666626,0.29464471340179443,0.33659517765045166,0.18664652109146118,0.9001059532165527,1.0,0.03442355617880821,0.04162408411502838,-282428.8125,0.18664652109146118,-0.017871439456939697,0.002202327363193035,3.0548858642578125,0.0,3.0
-1.59965181350708,0.1599999964237213,9.100000381469727,55.0,1.275609016418457,0.00017612421652302146,10.0,0.9984306693077087,0.9984306693077087,0.9984306693077087,0.0011096984380856156,0.0,0.866748034954071,57344.0,-0.03818047419190407,0.0071661584079265594,-7.916241884231567e-09,0.45823460817337036,-0.08486515283584595,-5.328094482421875,0.012100109830498695,0.0018338914960622787,0.3711071014404297,11045.2548828125,184.54592895507812,1.305116891860962,185.85107421875,5.5097880363464355,0.33556124567985535,0.3005814254283905,0.3287610709667206,0.17761775851249695,0.8957571983337402,1.0,0.03958416357636452,0.06127297133207321,-210858.984375,0.17761775851249695,-0.01845138520002365,0.0029262371826916933,2.9800820350646973,0.0,3.0
-1.8062140941619873,0.18000000715255737,8.640000343322754,56.0,1.2718273401260376,0.0001478033373132348,10.0,0.9974880814552307,0.9974880814552307,0.9974880814552307,0.0017761805793270469,0.0,0.8633949756622314,58368.0,-0.04084478318691254,-0.0026643089950084686,-5.122274160385132e-09,0.42746248841285706,-0.030772119760513306,-5.275689601898193,0.01043099258095026,-0.0016691172495484352,0.3754271864891052,11217.9931640625,171.369873046875,1.3524234294891357,172.72232055664062,5.928591251373291,0.30228880047798157,0.30856621265411377,0.3367587924003601,0.21886979043483734,1.0207663774490356,1.0,0.03572847694158554,0.07333539426326752,-262947.46875,0.21886979043483734,-0.018465032801032066,0.0023427861742675304,3.3080947399139404,0.0,3.0
-2.400693893432617,0.23999999463558197,8.619999885559082,57.0,1.2859865427017212,0.00017272130935452878,10.0,0.9971067309379578,0.9971067309379578,0.9971067309379578,0.0020458921790122986,0.0,0.8758687973022461,59392.0,-0.041679415851831436,-0.0008346326649188995,-1.1175870895385742e-08,0.7120343446731567,0.2845718562602997,-5.673177242279053,0.020126238465309143,0.009695245884358883,0.38096883893013,11480.158203125,261.5315856933594,0.6179172992706299,262.1495361328125,3.90616774559021,0.3477225601673126,0.2794221043586731,0.3390204608440399,0.16541093587875366,0.8035778403282166,1.0,0.05446251109242439,0.01846352219581604,-144220.625,0.16541093587875366,-0.02499297261238098,0.004250821657478809,2.8758559226989746,0.0,3.0
-1.5999064445495605,0.1599999964237213,8.899999618530273,58.0,1.2945963144302368,0.00016660643450450152,10.0,0.997128963470459,0.997128963470459,0.997128963470459,0.0020301295444369316,0.0,0.8833673596382141,60416.0,-0.04494491219520569,-0.0032654963433742523,3.259629011154175e-09,0.47148293256759644,-0.2405514121055603,-5.911925792694092,0.011602120473980904,-0.00852411799132824,0.4532904326915741,11666.6015625,185.0862579345703,1.3401737213134766,186.42645263671875,5.4927825927734375,0.3027814030647278,0.29907241463661194,0.3540625274181366,0.21815824508666992,0.9877504706382751,1.0,0.0411018431186676,0.05325046181678772,-189125.59375,0.21815824508666992,-0.023195140063762665,0.003262507263571024,3.3027126789093018,0.0,3.0
-1.9995139837265015,0.20000000298023224,8.380000114440918,59.0,1.2911152839660645,0.0001529776054667309,10.0,0.9970550537109375,0.9970550537109375,0.9970550537109375,0.0020824195817112923,0.0,0.8804893493652344,61440.0,-0.047702986747026443,-0.002758074551820755,-2.3283064365386963e-09,0.5644663572311401,0.0929834246635437,-5.595322608947754,0.014783556573092937,0.003181436099112034,0.43172138929367065,11900.41015625,233.1164093017578,0.6748147010803223,233.791259765625,4.37997579574585,0.2824802100658417,0.3036819398403168,0.4027433395385742,0.2506420314311981,1.075055480003357,1.0,0.05010880157351494,0.049585431814193726,-136484.078125,0.2506420314311981,-0.030100230127573013,0.004506302531808615,3.5400710105895996,0.0,3.0
-1.3972463607788086,0.14000000059604645,8.9399995803833,60.0,1.2921043634414673,0.00017729075625538826,10.0,1.000658392906189,1.000658392906189,1.000658392906189,0.0004655259835999459,0.0,0.8815012574195862,62464.0,-0.04608994722366333,0.0016130395233631134,-4.6566128730773926e-09,0.4669322967529297,-0.09753406047821045,-5.60679817199707,0.011409093625843525,-0.0033744629472494125,0.4039926528930664,12074.5751953125,173.00399780273438,1.1442327499389648,174.14825439453125,5.88004732131958,0.29733920097351074,0.2852446138858795,0.36548399925231934,0.22621721029281616,0.9593240022659302,1.0,0.03766890987753868,0.06575404107570648,-244574.453125,0.22621721029281616,-0.02013646624982357,0.0025269079487770796,3.3631622791290283,0.0,3.0
-1.4004478454589844,0.14000000059604645,8.899999618530273,61.0,1.300066351890564,0.0001702620356809348,10.0,1.0017658472061157,1.0017658472061157,1.0017658472061157,0.0012487268541008234,0.0,0.8887646794319153,63488.0,-0.04402761161327362,0.0020623356103897095,-1.5832483768463135e-08,0.28672775626182556,-0.18020454049110413,-5.645416736602783,0.007286876440048218,-0.004122217185795307,0.40726804733276367,12248.3564453125,172.5730743408203,1.1938166618347168,173.7669219970703,5.892951488494873,0.3562108278274536,0.2848278284072876,0.30675965547561646,0.1576215922832489,0.7996046543121338,1.0,0.024382878094911575,0.09194235503673553,-592692.875,0.1576215922832489,-0.008275615982711315,0.0010427215602248907,2.807326316833496,0.0,3.0
-0.9979334473609924,0.10000000149011612,9.100000381469727,62.0,1.303993821144104,0.00015780168178025633,10.0,1.0020252466201782,1.0020252466201782,1.0020252466201782,0.0014321499038487673,0.0,0.8921278119087219,64512.0,-0.044052183628082275,-2.4572014808654785e-05,5.587935447692871e-09,0.43361783027648926,0.1468900740146637,-5.5843353271484375,0.009777729399502277,0.0024908529594540596,0.40686124563217163,12423.935546875,174.86170959472656,0.7013294696807861,175.5630645751953,5.832662105560303,0.277522474527359,0.31136366724967957,0.3344840109348297,0.25967711210250854,1.1219403743743896,1.0,0.0352606363594532,0.054650381207466125,-235277.4375,0.25967711210250854,-0.023244190961122513,0.002635219134390354,3.603311777114868,0.0,3.0
-2.403456211090088,0.23999999463558197,8.0,63.0,1.2997217178344727,0.00017523459973745048,10.0,0.9913468360900879,0.9913468360900879,0.9913468360900879,0.006118739023804665,0.0,0.8880799412727356,65536.0,-0.04892289638519287,-0.004870712757110596,4.307366907596588e-09,0.7395621538162231,0.3059443235397339,-5.543429851531982,0.016620587557554245,0.006842858158051968,0.39885926246643066,12619.0556640625,194.49354553222656,0.6076855659484863,195.10125732421875,5.248556613922119,0.27720382809638977,0.29920634627342224,0.3466610908508301,0.2602744698524475,1.0793732404708862,1.0,0.04322892799973488,0.04127660393714905,-157540.296875,0.2602744698524475,-0.029192732647061348,0.0038914233446121216,3.6074538230895996,0.0,3.0
-1.7964603900909424,0.18000000715255737,9.100000381469727,64.0,1.3000359535217285,0.00018181691120844334,10.0,1.0011357069015503,1.0011357069015503,1.0011357069015503,0.0008030379540286958,0.0,0.8882800936698914,66560.0,-0.0509847030043602,-0.002061806619167328,5.587935447692871e-09,0.4631728529930115,-0.27638930082321167,-5.625006675720215,0.01218038983643055,-0.004440197721123695,0.41426488757133484,12805.0068359375,184.7349853515625,1.185401439666748,185.92041015625,5.507733345031738,0.2633005678653717,0.278782457113266,0.4275771677494049,0.28848713636398315,1.0587995052337646,1.0,0.053128041326999664,0.06134295463562012,-142084.03125,0.28848713636398315,-0.03138194978237152,0.004335680510848761,3.797940969467163,0.0,3.0
-1.198099970817566,0.11999999731779099,8.960000038146973,65.0,1.302718162536621,0.00017024266708176583,10.0,1.0024185180664062,1.0024185180664062,1.0024185180664062,0.0017100943950936198,0.0,0.8906645774841309,67584.0,-0.04207051917910576,0.00891418382525444,-4.889443516731262e-09,0.5301576852798462,0.06698483228683472,-5.6873321533203125,0.011579412966966629,-0.0006009768694639206,0.40704095363616943,12993.798828125,187.39588928222656,1.3727726936340332,188.76869201660156,5.424628734588623,0.3086181581020355,0.2895263135433197,0.3858894407749176,0.20998439192771912,0.9381374716758728,1.0,0.041127096861600876,0.052694931626319885,-248742.921875,0.20998439192771912,-0.019784487783908844,0.0024885607417672873,3.2402501106262207,0.0,3.0
-2.600026845932007,0.25999999046325684,8.0600004196167,66.0,1.312156319618225,0.00015407039609272033,10.0,0.9996541142463684,0.9996541142463684,0.9996541142463684,0.0002445922000333667,0.0,0.8989770412445068,68608.0,-0.0411338284611702,0.0009366907179355621,-1.1175870895385742e-08,0.5579347014427185,0.027777016162872314,-5.557648658752441,0.013566471636295319,0.0019870586693286896,0.3930024206638336,13214.640625,191.73052978515625,29.091724395751953,220.82228088378906,4.637213230133057,0.33456069231033325,0.29487770795822144,0.3190418481826782,0.17868170142173767,0.8813877701759338,1.0,0.03616822510957718,0.0344935804605484,-225945.46875,0.17868170142173767,-0.019763443619012833,0.00270890723913908,2.9889943599700928,0.0,3.0
-2.203314781188965,0.2199999988079071,8.220000267028809,67.0,1.3132659196853638,0.0001610815234016627,10.0,0.9969839453697205,0.9969839453697205,0.9969839453697205,0.002132686786353588,0.0,0.8998057246208191,69632.0,-0.04809978976845741,-0.006965961307287216,4.423782229423523e-09,0.5795187950134277,0.02158409357070923,-5.7119526863098145,0.01467509288340807,0.001108621247112751,0.4201659560203552,13406.17578125,190.5386199951172,0.9785921573638916,191.51722717285156,5.346777439117432,0.2693691849708557,0.29452741146087646,0.42502501606941223,0.27563488483428955,1.093396782875061,1.0,0.053674131631851196,0.039200589060783386,-142068.390625,0.27563488483428955,-0.03196743503212929,0.004322192631661892,3.7123770713806152,0.0,3.0
-1.5990850925445557,0.1599999964237213,8.5600004196167,68.0,1.3117574453353882,0.00014376439503394067,10.0,0.9949138760566711,0.9949138760566711,0.9949138760566711,0.0035964185371994972,0.0,0.8983823657035828,70656.0,-0.03724631667137146,0.010853473097085953,1.862645149230957e-08,0.3104807734489441,-0.26903802156448364,-5.849545001983643,0.006238845176994801,-0.008436247706413269,0.4345015287399292,13582.666015625,175.29110717773438,1.1802623271942139,176.4713897705078,5.802640438079834,0.34693336486816406,0.3119751214981079,0.2933366894721985,0.1661643236875534,0.8992365002632141,1.0,0.02447347156703472,0.0811929926276207,-491615.625,0.1661643236875534,-0.010327017866075039,0.0012550874380394816,2.8823978900909424,0.0,3.0
-1.7960368394851685,0.18000000715255737,8.399999618530273,69.0,1.309810996055603,0.00015757608343847096,10.0,0.994446337223053,0.994446337223053,0.994446337223053,0.003927018493413925,0.0,0.8966192603111267,71680.0,-0.04666723310947418,-0.009420916438102722,-1.0477378964424133e-08,0.3326679766178131,0.02218720316886902,-5.534255027770996,0.008858188055455685,0.002619342878460884,0.3812234699726105,13765.3134765625,181.94129943847656,0.6865060329437256,182.62783813476562,5.607031345367432,0.27453893423080444,0.3073159158229828,0.36958906054496765,0.2653518617153168,1.1193891763687134,1.0,0.02817193977534771,0.05888363718986511,-295558.4375,0.2653518617153168,-0.020744677633047104,0.00208428967744112,3.642470598220825,0.0,3.0
-1.1995785236358643,0.11999999731779099,9.100000381469727,70.0,1.3111647367477417,0.00015360867837443948,10.0,1.0034462213516235,1.0034462213516235,1.0034462213516235,0.0024368183221668005,0.0,0.8979067802429199,72704.0,-0.04120364785194397,0.005463585257530212,-6.51925802230835e-09,0.3130764365196228,-0.019591540098190308,-5.693643569946289,0.006973234470933676,-0.001884953584522009,0.39248064160346985,13957.2451171875,191.28427124023438,0.6305475234985352,191.91482543945312,5.335700035095215,0.3574722409248352,0.3068673610687256,0.2765430510044098,0.15651115775108337,0.858437180519104,1.0,0.02744315005838871,0.07725665718317032,-438928.59375,0.15651115775108337,-0.010572200641036034,0.001410274882800877,2.797420024871826,0.0,3.0
-1.7985970973968506,0.18000000715255737,8.979999542236328,71.0,1.3061732053756714,0.00019607487774919719,10.0,0.9997007250785828,0.9997007250785828,0.9997007250785828,0.0002116333635058254,0.0,0.8934128880500793,73728.0,-0.04927881062030792,-0.008075162768363953,9.313225746154785e-09,0.5209654569625854,0.20788902044296265,-5.786125659942627,0.014886771328747272,0.007913536857813597,0.38475435972213745,14143.513671875,184.970703125,1.2790729999542236,186.2498016357422,5.497992515563965,0.23551993072032928,0.281189501285553,0.4597003161907196,0.36055758595466614,1.193909764289856,1.0,0.06698253750801086,0.030997097492218018,-84511.46875,0.36055758595466614,-0.04901301860809326,0.007289323024451733,4.245924949645996,0.0,3.0
-2.2014670372009277,0.2199999988079071,8.359999656677246,72.0,1.3138726949691772,0.00016471870185341686,10.0,1.0094434022903442,1.0094434022903442,1.0094434022903442,0.006677521858364344,0.0,0.9003186225891113,74752.0,-0.036579400300979614,0.012699410319328308,-1.3969838619232178e-09,0.6275621652603149,0.10659670829772949,-5.812913417816162,0.014355577528476715,-0.0005311938002705574,0.4193041920661926,14331.3701171875,186.9288330078125,0.9083719253540039,187.83721923828125,5.451528549194336,0.4181026220321655,0.29359135031700134,0.28519588708877563,0.11441005766391754,0.7021993398666382,1.0,0.03463132679462433,0.05427218973636627,-289231.03125,0.11441005766391754,-0.011299334466457367,0.0021230275742709637,2.3917572498321533,0.0,3.0
-1.5986051559448242,0.1599999964237213,8.5600004196167,73.0,1.3243874311447144,0.00014025886775925756,10.0,1.0035696029663086,1.0035696029663086,1.0035696029663086,0.0025241465773433447,0.0,0.9098107814788818,75776.0,-0.041220732033252716,-0.004641331732273102,8.847564458847046e-09,0.381527841091156,-0.24603432416915894,-5.563000202178955,0.008835096843540668,-0.005520480684936047,0.3626362979412079,14581.8095703125,249.6574249267578,0.7637991905212402,250.42123413085938,4.089109897613525,0.3396429419517517,0.3176477253437042,0.3341735303401947,0.17337431013584137,0.9352402687072754,1.0,0.03084387257695198,0.09850195795297623,-348871.21875,0.17337431013584137,-0.011507466435432434,0.0017686240607872605,2.9442684650421143,0.0,3.0
-1.7999933958053589,0.18000000715255737,8.619999885559082,74.0,1.332424521446228,0.00018068222561851144,10.0,1.007562518119812,1.007562518119812,1.007562518119812,0.005347479600459337,0.0,0.9171430468559265,76800.0,-0.05715416371822357,-0.015933431684970856,-1.3969838619232178e-09,0.3602069616317749,-0.021320879459381104,-5.914571285247803,0.009592710994184017,0.0007576141506433487,0.39751917123794556,14765.603515625,182.52439880371094,1.2452054023742676,183.76962280273438,5.5721940994262695,0.2622961699962616,0.2888464629650116,0.517783522605896,0.29070067405700684,1.1012221574783325,1.0,0.05431843921542168,0.10297247767448425,-211471.28125,0.29070067405700684,-0.0233851857483387,0.002913068048655987,3.8124842643737793,0.0,3.0
-1.6017777919769287,0.1599999964237213,8.819999694824219,75.0,1.3426207304000854,0.00015668105334043503,10.0,1.0025354623794556,1.0025354623794556,1.0025354623794556,0.0017929269233718514,0.0,0.9265487790107727,77824.0,-0.04374817758798599,0.01340598613023758,0.0,0.6331268548965454,0.2729198932647705,-5.525273323059082,0.017504651099443436,0.007911940105259418,0.37189266085624695,14949.6728515625,183.245361328125,0.8068504333496094,184.05223083496094,5.563637733459473,0.32031095027923584,0.29697340726852417,0.3641625940799713,0.1949334442615509,0.927141010761261,1.0,0.04685542732477188,0.0531432181596756,-163453.984375,0.1949334442615509,-0.02313539758324623,0.0037749088369309902,3.1219663619995117,0.0,3.0
-1.9976930618286133,0.20000000298023224,8.5600004196167,76.0,1.3421874046325684,0.0001722778397379443,10.0,0.994392454624176,0.994392454624176,0.994392454624176,0.003965119365602732,0.0,0.9261331558227539,78848.0,-0.042785048484802246,0.0009631291031837463,-5.587935447692871e-09,0.5088366270065308,-0.12429022789001465,-6.382040023803711,0.013304340653121471,-0.004200310446321964,0.45459505915641785,15113.9150390625,163.15492248535156,1.065042495727539,164.21998596191406,6.235538482666016,0.28256353735923767,0.29044514894485474,0.42363008856773376,0.25049424171447754,1.0278929471969604,1.0,0.04985613748431206,0.05988670885562897,-156503.9375,0.25049424171447754,-0.027369007468223572,0.003929859027266502,3.539026975631714,0.0,3.0
-2.599961280822754,0.25999999046325684,8.079999923706055,77.0,1.3376792669296265,0.00016235951625276357,10.0,0.9992745518684387,0.9992745518684387,0.9992745518684387,0.0005129833589307964,0.0,0.9219599366188049,79872.0,-0.045135244727134705,-0.0023501962423324585,6.984919309616089e-09,0.40849462151527405,-0.10034200549125671,-6.050766944885254,0.010710222646594048,-0.002594118006527424,0.44416677951812744,15288.9462890625,174.34690856933594,0.6669936180114746,175.013916015625,5.850963115692139,0.24604932963848114,0.29236629605293274,0.416639506816864,0.3303585946559906,1.1882425546646118,1.0,0.042897310107946396,0.06852322816848755,-177838.296875,0.3303585946559906,-0.03001934289932251,0.003441698383539915,4.064225196838379,0.0,3.0
-1.5978763103485107,0.1599999964237213,8.680000305175781,78.0,1.3384113311767578,0.0001776001154212281,10.0,1.004281997680664,1.004281997680664,1.004281997680664,0.0030278856866061687,0.0,0.9226558804512024,80896.0,-0.04537389799952507,-0.0002386532723903656,1.3969838619232178e-08,0.3572496175765991,-0.05124500393867493,-5.960930824279785,0.010043698363006115,-0.0006665242835879326,0.4295509457588196,15464.3564453125,174.3919677734375,1.0026788711547852,175.39468383789062,5.838261604309082,0.3358549177646637,0.2848907709121704,0.33041518926620483,0.17730727791786194,0.8482553958892822,1.0,0.03144026920199394,0.08479243516921997,-344201.34375,0.17730727791786194,-0.012878076173365116,0.0017926195869222283,2.977476119995117,0.0,3.0
-2.0001423358917236,0.20000000298023224,8.380000114440918,79.0,1.3463630676269531,0.00015151749539654702,10.0,0.993255615234375,0.993255615234375,0.993255615234375,0.0047690002247691154,0.0,0.9301309585571289,81920.0,-0.03975114971399307,0.005622748285531998,2.1420419216156006e-08,0.5448824167251587,0.18763279914855957,-6.133787631988525,0.013862520456314087,0.003818822093307972,0.4426472783088684,15638.54296875,173.5343017578125,0.6340153217315674,174.16835021972656,5.879369258880615,0.37801051139831543,0.3080288767814636,0.28339850902557373,0.13996587693691254,0.8148686289787292,1.0,0.037260331213474274,0.026932761073112488,-249563.609375,0.13996587693691254,-0.016690289601683617,0.0024644515942782164,2.6454291343688965,0.0,3.0
-2.4013750553131104,0.23999999463558197,8.300000190734863,80.0,1.3586478233337402,0.00015808935859240592,10.0,1.0065264701843262,1.0065264701843262,1.0065264701843262,0.004614911507815123,0.0,0.9416031837463379,82944.0,-0.04257914423942566,-0.0028279945254325867,-1.862645149230957e-08,0.4366725981235504,-0.10820981860160828,-5.888768196105957,0.015013674274086952,0.0011511538177728653,0.411344051361084,15819.6591796875,180.15150451660156,0.9433960914611816,181.0949249267578,5.65449333190918,0.35492146015167236,0.3010879456996918,0.2879481613636017,0.158768892288208,0.8483228087425232,1.0,0.04124297946691513,0.05714908242225647,-210721.125,0.158768892288208,-0.0171943511813879,0.0029093213379383087,2.8175246715545654,0.0,3.0
-1.2057877779006958,0.11999999731779099,9.100000381469727,81.0,1.3643980026245117,0.00014914564962964505,10.0,1.0000046491622925,1.0000046491622925,1.0000046491622925,3.2595985430816654e-06,0.0,0.9469501376152039,83968.0,-0.04442945495247841,-0.0018503107130527496,2.2351741790771484e-08,0.34311532974243164,-0.09355726838111877,-5.791443824768066,0.006969189736992121,-0.008044484537094831,0.3905954360961914,15998.85546875,178.28028869628906,0.8992018699645996,179.17950439453125,5.714939117431641,0.32307544350624084,0.3135828375816345,0.3047794699668884,0.19161170721054077,0.9706180691719055,1.0,0.02679266780614853,0.08851484209299088,-482744.5,0.19161170721054077,-0.011497791856527328,0.0012822715798392892,3.095252275466919,0.0,3.0
-1.1999415159225464,0.11999999731779099,9.079999923706055,82.0,1.3668752908706665,0.00014636632113251835,10.0,0.99615478515625,0.99615478515625,0.99615478515625,0.0027190055698156357,0.0,0.9493169784545898,84992.0,-0.03960656747221947,0.004822887480258942,1.7695128917694092e-08,0.5360926985740662,0.19297736883163452,-5.6163530349731445,0.015255671925842762,0.008286482188850641,0.39157813787460327,16199.8046875,185.62020874023438,15.312162399291992,200.93238830566406,5.096241474151611,0.3583987057209015,0.3152681291103363,0.2785172760486603,0.15570303797721863,0.8796575665473938,1.0,0.044232867658138275,0.04555472731590271,-183974.734375,0.15570303797721863,-0.019251305609941483,0.003364660544320941,2.7901885509490967,0.0,3.0
-2.405430316925049,0.23999999463558197,8.079999923706055,83.0,1.368330478668213,0.00016787803906481713,10.0,0.9967913627624512,0.9967913627624512,0.9967913627624512,0.0022688210010528564,0.0,0.9507360458374023,86016.0,-0.04748699441552162,-0.007880426943302155,8.381903171539307e-09,0.45984163880348206,-0.0762510597705841,-5.9832682609558105,0.014529976062476635,-0.000725695863366127,0.4002637267112732,16405.61328125,204.74485778808594,1.041595458984375,205.78646850585938,4.97603178024292,0.271516889333725,0.2775757908821106,0.439778208732605,0.2712915539741516,1.0223151445388794,1.0,0.04930925369262695,0.06329649686813354,-153957.75,0.2712915539741516,-0.02877904288470745,0.0039819758385419846,3.6830122470855713,0.0,3.0
-1.000071406364441,0.10000000149011612,9.100000381469727,84.0,1.3707696199417114,0.0001619540707906708,10.0,1.0043153762817383,1.0043153762817383,1.0043153762817383,0.0030514318495988846,0.0,0.9530086517333984,87040.0,-0.043498747050762177,0.003988247364759445,-2.444721758365631e-09,0.4551352560520172,-0.004706382751464844,-5.84729528427124,0.009303581900894642,-0.005226394161581993,0.42019641399383545,16592.02734375,185.69898986816406,0.6998579502105713,186.3988800048828,5.493595600128174,0.2621050179004669,0.29968440532684326,0.4185740351676941,0.2911248505115509,1.1433755159378052,1.0,0.044905759394168854,0.06438226997852325,-200868.375,0.2911248505115509,-0.026455141603946686,0.0030866379383951426,3.8152647018432617,0.0,3.0
-2.0065972805023193,0.20000000298023224,8.380000114440918,85.0,1.3777557611465454,0.0001608930469956249,10.0,0.9997884631156921,0.9997884631156921,0.9997884631156921,0.00014956510858610272,0.0,0.95979905128479,88064.0,-0.04122427850961685,0.0022744685411453247,-9.313225746154785e-09,0.49575909972190857,0.04062384366989136,-5.783881187438965,0.014810821041464806,0.005507239140570164,0.37810492515563965,16772.970703125,179.4276580810547,1.4982540607452393,180.92593383789062,5.6597747802734375,0.3484145402908325,0.2970188558101654,0.32334667444229126,0.16475455462932587,0.8524868488311768,1.0,0.03695317357778549,0.0555272251367569,-243661.09375,0.16475455462932587,-0.016604440286755562,0.0025241514667868614,2.8701443672180176,0.0,3.0
-1.6037832498550415,0.1599999964237213,8.819999694824219,86.0,1.3753490447998047,0.00016042438801378012,10.0,1.0023854970932007,1.0023854970932007,1.0023854970932007,0.0016867730300873518,0.0,0.9575095772743225,89088.0,-0.045335553586483,-0.00411127507686615,-7.916241884231567e-09,0.29344233870506287,-0.2023167610168457,-6.230825424194336,0.009788250550627708,-0.005022570490837097,0.40932023525238037,16957.392578125,183.28594970703125,1.1217865943908691,184.4077606201172,5.552911758422852,0.27163374423980713,0.31377753615379333,0.3617727756500244,0.27105820178985596,1.155148983001709,1.0,0.040204595774412155,0.12800201773643494,-235847.0625,0.27105820178985596,-0.019345931708812714,0.002616200363263488,3.6814277172088623,0.0,3.0
-1.5991425514221191,0.1599999964237213,8.699999809265137,87.0,1.3771718740463257,0.00014573000953532755,10.0,1.0009875297546387,1.0009875297546387,1.0009875297546387,0.0006982889608480036,0.0,0.9592757225036621,90112.0,-0.043909989297389984,0.0014255642890930176,7.450580596923828e-09,0.38690489530563354,0.09346255660057068,-5.919259071350098,0.010432613082230091,0.0006443625316023827,0.40431278944015503,17146.498046875,185.228759765625,3.8543457984924316,189.08314514160156,5.41560697555542,0.32917672395706177,0.3148878812789917,0.3275138735771179,0.18457449972629547,0.9565920829772949,1.0,0.02704293467104435,0.07617845386266708,-365817.5625,0.18457449972629547,-0.013521535322070122,0.001686692819930613,3.037881851196289,0.0,3.0
-1.400875449180603,0.14000000059604645,8.979999542236328,88.0,1.3796100616455078,0.00015333174087572843,10.0,1.0038307905197144,1.0038307905197144,1.0038307905197144,0.00270874984562397,0.0,0.9617670178413391,91136.0,-0.04954540729522705,-0.005635417997837067,4.6566128730773926e-09,0.32752081751823425,-0.05938407778739929,-5.794923305511475,0.008653348311781883,-0.0017792647704482079,0.389051616191864,17316.697265625,167.817138671875,2.3588786125183105,170.17604064941406,6.017298221588135,0.2674725353717804,0.3144480884075165,0.3585823178291321,0.2795577943325043,1.1756272315979004,1.0,0.03237555921077728,0.11515279114246368,-244942.6875,0.2795577943325043,-0.0203669685870409,0.002523109083995223,3.738701581954956,0.0,3.0
-2.398440361022949,0.23999999463558197,8.119999885559082,89.0,1.3715181350708008,0.00015830493066459894,10.0,0.9994261264801025,0.9994261264801025,0.9994261264801025,0.00040578984771855175,0.0,0.9539713859558105,92160.0,-0.039384059607982635,0.010161347687244415,-1.1408701539039612e-08,0.4108477532863617,0.08332693576812744,-5.767417907714844,0.014322077855467796,0.005668729543685913,0.36228692531585693,17513.345703125,195.85194396972656,0.7655661106109619,196.61753845214844,5.208080768585205,0.299588143825531,0.3038955628871918,0.3435017168521881,0.22283363342285156,1.0143775939941406,1.0,0.03931765630841255,0.055292919278144836,-201772.1875,0.22283363342285156,-0.02256213314831257,0.0030383551493287086,3.3379158973693848,0.0,3.0
-1.4017868041992188,0.14000000059604645,9.039999961853027,90.0,1.3649083375930786,0.00015728473954368383,10.0,0.9984089732170105,0.9984089732170105,0.9984089732170105,0.001125067938119173,0.0,0.9475558400154114,93184.0,-0.04465150088071823,-0.005267441272735596,-1.3969838619232178e-09,0.3726624846458435,-0.03818526864051819,-6.042510509490967,0.009010114707052708,-0.005311963148415089,0.44267913699150085,17703.255859375,185.9132537841797,3.97741961479187,189.8907012939453,5.392575740814209,0.30262696743011475,0.2987033724784851,0.3659927248954773,0.21838092803955078,0.9870349168777466,1.0,0.035011302679777145,0.07210434973239899,-278825.53125,0.21838092803955078,-0.018006205558776855,0.002216499764472246,3.3043980598449707,0.0,3.0
-0.6048230528831482,0.05999999865889549,9.640000343322754,91.0,1.3645257949829102,0.0001590615138411522,10.0,1.0008654594421387,1.0008654594421387,1.0008654594421387,0.0006119722384028137,0.0,0.9470884203910828,94208.0,-0.04072989523410797,0.00392160564661026,9.313225746154785e-10,0.4060433804988861,0.0333808958530426,-6.000945091247559,0.010122437961399555,0.0011123232543468475,0.4158535599708557,17880.18359375,175.71205139160156,1.1980969905853271,176.91017150878906,5.788248538970947,0.3422470688819885,0.31127023696899414,0.27943170070648193,0.17074596881866455,0.909490168094635,1.0,0.03501071035861969,0.04502597451210022,-268807.46875,0.17074596881866455,-0.01705602928996086,0.0023139268159866333,2.921865701675415,0.0,3.0
-1.3969937562942505,0.14000000059604645,8.899999618530273,92.0,1.3642209768295288,0.00015694295871071517,10.0,1.0016082525253296,1.0016082525253296,1.0016082525253296,0.0011372343869879842,0.0,0.9467759728431702,95232.0,-0.04387152940034866,-0.003141634166240692,8.381903171539307e-09,0.3716752529144287,-0.0343681275844574,-5.8259663581848145,0.009356953203678131,-0.0007654847577214241,0.4055356979370117,18050.79296875,169.41754150390625,1.1597931385040283,170.57736206054688,6.003141403198242,0.3148290812969208,0.30653342604637146,0.36414453387260437,0.2017810046672821,0.9736502766609192,1.0,0.038627225905656815,0.0787377879023552,-264477.15625,0.2017810046672821,-0.01695648580789566,0.0023367495741695166,3.1763267517089844,0.0,3.0
-1.8020788431167603,0.18000000715255737,8.640000343322754,93.0,1.3628768920898438,0.0001427445386070758,10.0,0.9965090751647949,0.9965090751647949,0.9965090751647949,0.0024684565141797066,0.0,0.9455294609069824,96256.0,-0.042277656495571136,0.0015938729047775269,-2.3283064365386963e-09,0.4818449914455414,0.11016973853111267,-5.759092330932617,0.01175622083246708,0.002399267628788948,0.3947809040546417,18225.556640625,172.4140167236328,2.335731029510498,174.74977111816406,5.859807014465332,0.3058139681816101,0.3193439245223999,0.33275237679481506,0.21385297179222107,1.0442426204681396,1.0,0.038613300770521164,0.04594883322715759,-209404.625,0.21385297179222107,-0.022224875167012215,0.0029418179765343666,3.2699618339538574,0.0,3.0
-1.6029123067855835,0.1599999964237213,8.5600004196167,94.0,1.366834282875061,0.00014525534061249346,10.0,0.9958495497703552,0.9958495497703552,0.9958495497703552,0.0029348256066441536,0.0,0.9492555260658264,97280.0,-0.04069579020142555,0.001581866294145584,-2.7939677238464355e-09,0.4697461724281311,-0.012098819017410278,-5.949426651000977,0.009729740209877491,-0.002026480622589588,0.43254590034484863,18403.775390625,176.76791381835938,1.4311625957489014,178.19911193847656,5.7463812828063965,0.3337331712245941,0.32188764214515686,0.2932015657424927,0.17956891655921936,0.9645059704780579,1.0,0.02918263152241707,0.06153813749551773,-329074.625,0.17956891655921936,-0.01487654261291027,0.001875022309832275,2.996405839920044,0.0,3.0
-1.0049906969070435,0.10000000149011612,9.100000381469727,95.0,1.3705471754074097,0.00015533874102402478,10.0,1.00334894657135,1.00334894657135,1.00334894657135,0.0023681470192968845,0.0,0.9527772068977356,98304.0,-0.05166863650083542,-0.010972846299409866,0.0,0.2536987066268921,-0.216047465801239,-5.62723445892334,0.005280483514070511,-0.00444925669580698,0.39311641454696655,18564.794921875,159.327880859375,1.6693205833435059,160.99722290039062,6.360358238220215,0.24492724239826202,0.3014405071735382,0.4836565852165222,0.33339250087738037,1.2307347059249878,1.0,0.029901131987571716,0.13715025782585144,-464394.34375,0.33339250087738037,-0.016186468303203583,0.0013350836234167218,4.0828447341918945,0.0,3.0
-1.8079508543014526,0.18000000715255737,8.680000305175781,96.0,1.3732606172561646,0.00016333593521267176,10.0,1.0061979293823242,1.0061979293823242,1.0061979293823242,0.004382541868835688,0.0,0.9554245471954346,99328.0,-0.04740681126713753,0.004261825233697891,-5.587935447692871e-09,0.3587021231651306,0.10500341653823853,-5.710997104644775,0.009748151525855064,0.0044676680117845535,0.39321717619895935,18745.029296875,179.5526580810547,0.660991907119751,180.2136688232422,5.6821441650390625,0.3006020188331604,0.29578065872192383,0.3506343364715576,0.22133298218250275,0.9839609265327454,1.0,0.0349593386054039,0.05282929539680481,-269561.53125,0.22133298218250275,-0.019623545929789543,0.002285302383825183,3.32665753364563,0.0,3.0
-1.4018759727478027,0.14000000059604645,8.880000114440918,97.0,1.369026780128479,0.00015379638352897018,10.0,0.9973631501197815,0.9973631501197815,0.9973631501197815,0.0018645203672349453,0.0,0.951448380947113,100352.0,-0.05286969244480133,-0.005462881177663803,5.587935447692871e-09,0.46017828583717346,0.10147616267204285,-5.778582572937012,0.01340572815388441,0.0036575766280293465,0.3850367069244385,18930.177734375,183.97093200683594,1.1569280624389648,185.1278839111328,5.531311511993408,0.21992704272270203,0.3104551434516907,0.4604937732219696,0.41349732875823975,1.4116276502609253,1.0,0.05735268443822861,0.059853702783584595,-103147.3125,0.41349732875823975,-0.046031489968299866,0.005991609767079353,4.546962261199951,0.0,3.0
-1.6000741720199585,0.1599999964237213,8.9399995803833,98.0,1.3736330270767212,0.00015732420433778316,10.0,1.0011361837387085,1.0011361837387085,1.0011361837387085,0.000803431321401149,0.0,0.955893337726593,101376.0,-0.04763871431350708,0.0052309781312942505,-5.587935447692871e-09,0.3756256401538849,-0.08455264568328857,-5.930720806121826,0.010012852028012276,-0.003392876125872135,0.40686288475990295,19099.291015625,167.7289276123047,1.3576886653900146,169.08663940429688,6.056066989898682,0.3024776875972748,0.29959678649902344,0.3556365668773651,0.21859653294086456,0.9904758334159851,1.0,0.04436710104346275,0.05305314064025879,-200101.609375,0.21859653294086456,-0.022593431174755096,0.003083550836890936,3.3060290813446045,0.0,3.0
-1.2034950256347656,0.11999999731779099,9.279999732971191,99.0,1.3807121515274048,0.00017486896831542253,10.0,1.0025849342346191,1.0025849342346191,1.0025849342346191,0.0018278243951499462,0.0,0.9628140330314636,102400.0,-0.04525173455476761,0.0023869797587394714,-1.885928213596344e-08,0.32087260484695435,-0.05475303530693054,-5.838237762451172,0.008455810137093067,-0.0015570418909192085,0.4143275022506714,19265.119140625,164.67318725585938,1.1372184753417969,165.8104248046875,6.175727367401123,0.32117217779159546,0.2805008888244629,0.3877207636833191,0.19388943910598755,0.8733662366867065,1.0,0.03502937778830528,0.06588147580623627,-363069.375,0.19388943910598755,-0.014773182570934296,0.0017049378948286176,3.1135947704315186,0.0,3.0
